agencytype,name,pit_count,pit_amount,lottery_count,lottery_amount,property_count,property_amount,all_count,all_amount
,CITY OF PARLIER,32,"$6,152.00",,,,,32,"$6,152.00"
,CITY OF EXETER,7,$679.00,,,,,7,$679.00
,CITY OF SHASTA LAKE,7,$721.00,,,,,7,$721.00
,CITY OF GARDEN GROVE,761,"$141,768.19",9,"$2,386.14",8,$520.70,778,"$144,675.03"
,CITY OF REDDING,7,"$1,211.46",,,,,7,"$1,211.46"
,CITY OF REDDING,14,"$2,712.43",2,$730.22,1,$1.86,17,"$3,444.51"
,TOWN OF LOS GATOS,40,"$9,406.11",,,,,40,"$9,406.11"
,CITY OF STANTON,197,"$23,874.43",4,$304.00,1,$76.00,202,"$24,254.43"
,CITY OF ALHAMBRA,610,"$153,649.83",2,$298.00,12,"$1,642.12",624,"$155,589.95"
,CITY OF LOS BANOS,55,"$12,167.37",1,$103.00,,,56,"$12,270.37"
,CITY OF PALO ALTO,20,"$2,236.00",1,$220.00,,,21,"$2,456.00"
,CITY OF SANTA MARIA ADMIN,15,"$4,929.38",,,,,15,"$4,929.38"
,CITY OF CANYON LAKE,1,"$1,294.00",,,,,1,"$1,294.00"
,CITY OF BEVERLY HILLS,"1,179","$212,108.06",7,"$2,187.00",24,"$4,245.92","1,210","$218,540.98"
,CITY OF BURBANK,564,"$116,687.02",6,"$1,264.00",11,$963.89,581,"$118,914.91"
,CITY OF SONOMA,18,"$2,413.00",,,,,18,"$2,413.00"
,CITY OF ISLETON,15,"$4,706.00",,,,,15,"$4,706.00"
,CITY OF FILLMORE,27,"$5,653.97",,,1,$7.00,28,"$5,660.97"
,CITY OF SAN GABRIEL,12,"$6,136.00",,,,,12,"$6,136.00"
,CITY OF DOS PALOS,13,"$4,280.00",1,"$1,025.00",,,14,"$5,305.00"
,CITY OF DIXON,54,"$13,155.78",,,,,54,"$13,155.78"
,CITY OF SACRAMENTO,"4,657","$1,133,208.73",17,"$4,065.50",71,"$8,860.47","4,745","$1,146,134.70"
,CITY OF VALLEJO,69,"$20,757.56",,,1,$40.21,70,"$20,797.77"
,CITY OF SAN DIMAS,106,"$20,185.55",,,1,$4.80,107,"$20,190.35"
,CITY OF PASO ROBLES,90,"$5,405.09",,,,,90,"$5,405.09"
,CITY OF SAN JUAN BAUTISTA,2,$80.00,,,,,2,$80.00
,CITY OF RIALTO COMM COMPLIANCE,2,$83.00,,,,,2,$83.00
,CITY OF LAKE FOREST PARKING,164,"$24,711.33",3,$197.00,3,$130.80,170,"$25,039.13"
,CITY OF OJAI,1,$130.00,,,,,1,$130.00
,CITY OF SAN BERNARDINO,15,"$7,113.83",,,,,15,"$7,113.83"
,CITY OF BIG BEAR LAKE ADMIN,22,"$20,038.75",,,1,$125.00,23,"$20,163.75"
,CITY AND COUNTY OF SAN FRANCISCO,6,"$7,052.26",2,"$1,279.31",,,8,"$8,331.57"
,CITY OF ROSEVILLE,25,"$8,460.91",,,,,25,"$8,460.91"
,CITY OF BEAUMONT,22,"$1,941.23",,,1,$265.86,23,"$2,207.09"
,CITY OF NEWPORT BEACH ADMIN,32,"$6,852.45",,,2,$208.00,34,"$7,060.45"
,CITY OF GUADALUPE,9,"$1,310.00",,,,,9,"$1,310.00"
2 - CITY,CITY OF PACIFIC GROVE - ADMIN,2,$175.00,,,,,2,$175.00
,FULLERTON POLICE DEPARTMENT,78,"$43,971.34",,,1,$8.47,79,"$43,979.81"
,CITY OF PICO RIVERA ADMIN,7,"$4,025.96",,,,,7,"$4,025.96"
,CITY OF ANTIOCH,5,"$2,088.00",,,,,5,"$2,088.00"
,CITY OF BEAUMONT ADMIN,51,"$18,878.95",,,1,"$1,040.00",52,"$19,918.95"
,CITY OF COMPTON ADMIN,64,"$52,948.46",1,"$1,000.00",,,65,"$53,948.46"
,CITY OF ARTESIA,116,"$17,215.99",1,$56.00,2,$56.88,119,"$17,328.87"
,TOWN OF APPLE VALLEY,31,"$24,840.49",1,$300.00,,,32,"$25,140.49"
,CITY OF LEMON GROVE,69,"$8,650.41",,,,,69,"$8,650.41"
,CITY OF GRAND TERRACE,65,"$12,323.24",,,1,$50.00,66,"$12,373.24"
,CITY OF STOCKTON,442,"$71,417.16",4,$744.00,7,$893.41,453,"$73,054.57"
,TOWN OF ROSS,1,$278.00,,,,,1,$278.00
,TIBURON POLICE DEPT,12,"$3,973.00",1,$140.00,,,13,"$4,113.00"
,CHICO ADMINISTRATIVE,6,"$7,716.60",,,,,6,"$7,716.60"
,CITY OF SAN CLEMENTE ADMIN,1,$485.00,,,,,1,$485.00
,CITY OF BELLFLOWER,27,"$21,424.77",,,,,27,"$21,424.77"
,SUISUN CITY MUNICIPAL CITATIONS,10,"$5,558.44",,,1,$1.60,11,"$5,560.04"
,SUISUN CITY FIRE DEPT,4,"$3,162.93",,,,,4,"$3,162.93"
,STOCKTON POLICE DEPARTMENT,9,"$1,748.00",,,1,$221.00,10,"$1,969.00"
,CITY OF CARLSBAD,6,"$10,480.00",,,1,$10.00,7,"$10,490.00"
,CITY OF WEST COVINA ADMIN,268,"$83,413.09",4,$907.00,2,$243.85,274,"$84,563.94"
,CITY OF LANCASTER ADMIN,73,"$43,051.79",2,"$2,000.00",1,$180.39,76,"$45,232.18"
,CITY OF DIXON ADMIN,4,"$4,510.00",,,,,4,"$4,510.00"
,CITY OF FOUNTAIN VALLEY,3,"$3,015.00",,,,,3,"$3,015.00"
,CITY OF SAN FERNANDO ADMIN,7,"$3,041.65",,,,,7,"$3,041.65"
,CITY OF PARAMOUNT NUISANCE VEHICLES,2,$908.43,,,,,2,$908.43
,PORT OF SAN DIEGO,111,"$11,175.24",,,2,$175.00,113,"$11,350.24"
,CITY OF HOLLISTER,57,"$18,455.79",,,1,$91.90,58,"$18,547.69"
,CITY OF LARKSPUR,16,"$2,340.00",,,,,16,"$2,340.00"
,CITY OF SUNNYVALE,1,$961.61,,,,,1,$961.61
,CITY OF LAKEWOOD,3,"$1,815.00",1,"$1,000.00",,,4,"$2,815.00"
,CITY OF LAGUNA BEACH ADMIN,1,$132.25,,,,,1,$132.25
,CITY OF CORONADO,69,"$10,267.96",,,2,$248.50,71,"$10,516.46"
,CITY OF SANTA ROSA,338,"$60,001.67",3,$460.00,6,$209.28,347,"$60,670.95"
,CITY OF BELL,327,"$71,338.82",4,$623.00,2,$4.85,333,"$71,966.67"
,CITY OF WEST SACRAMENTO,4,$909.07,,,,,4,$909.07
,CITY OF LYNWOOD,841,"$222,214.56",7,"$1,805.57",7,"$1,090.28",855,"$225,110.41"
,CITY OF VACAVILLE,107,"$14,592.25",,,2,$153.19,109,"$14,745.44"
,CITY OF FRESNO,38,"$27,391.99",,,1,"$1,270.00",39,"$28,661.99"
,CITY OF HAWAIIAN GARDENS,1,$458.00,,,,,1,$458.00
,CITY OF NORWALK,4,"$1,137.00",,,,,4,"$1,137.00"
,CITY OF LAKE ELSINORE,579,"$115,830.94",1,$232.00,9,$701.40,589,"$116,764.34"
,METROPOLITAN TRANSPORTATION COMMISS,"2,258","$524,816.02",21,"$4,699.31",37,"$4,129.00","2,316","$533,644.33"
,"CITY OF RIVERSIDE, PARKING","2,486","$466,916.10",16,"$2,815.50",22,"$2,332.96","2,524","$472,064.56"
,CITY OF SAN JUAN CAPISTRANO,154,"$34,856.42",2,"$1,441.00",6,"$2,138.33",162,"$38,435.75"
,CITY OF DOWNEY,"1,127","$155,171.61",8,$733.00,9,"$1,909.64","1,144","$157,814.25"
,CITY OF WILDOMAR,31,"$1,608.08",,,1,$41.25,32,"$1,649.33"
,CITY OF BLYTHE,17,"$17,493.70",,,,,17,"$17,493.70"
,CITY OF CLAREMONT,235,"$41,494.34",1,$108.00,1,$71.15,237,"$41,673.49"
,CITY OF PICO RIVERA,400,"$110,858.40",1,$113.00,2,$18.97,403,"$110,990.37"
,CITY OF LA HABRA,594,"$93,827.40",5,$545.00,7,$491.00,606,"$94,863.40"
,SUISUN CITY,233,"$62,469.88",2,"$1,147.00",3,$731.83,238,"$64,348.71"
,CITY OF RANCHO SANTA MARGARITA,52,"$7,612.75",,,2,$37.33,54,"$7,650.08"
,CITY OF RANCHO CORDOVA,8,"$1,167.00",,,,,8,"$1,167.00"
,CITY OF CHINO HILLS,7,"$2,568.54",,,,,7,"$2,568.54"
,CITY OF FRESNO,"1,875","$344,299.68",17,"$2,777.00",20,"$2,310.43","1,912","$349,387.11"
,CITY OF CONCORD,279,"$71,107.26",1,$30.70,4,$589.51,284,"$71,727.47"
,CITY OF PERRIS,872,"$144,241.05",6,$975.50,11,"$1,182.20",889,"$146,398.75"
,CITY OF LA PUENTE,12,"$5,259.30",,,2,$296.16,14,"$5,555.46"
,CITY OF LOMPOC,55,"$9,517.28",1,$225.00,2,$267.00,58,"$10,009.28"
,CITY OF SANTA ROSA,7,"$7,006.00",,,,,7,"$7,006.00"
,FULLERTON POLICE DEPARTMENT,639,"$122,721.90",5,"$2,091.00",7,$491.73,651,"$125,304.63"
,CITY OF SAN FERNANDO,233,"$47,591.08",3,$384.00,2,$190.75,238,"$48,165.83"
,CITY OF SEAL BEACH,48,"$6,178.47",,,1,$11.31,49,"$6,189.78"
,CITY OF HAWTHORNE,"2,368","$470,817.10",30,"$8,635.06",26,"$1,560.07","2,424","$481,012.23"
,CITY OF ANAHEIM,49,"$16,265.66",,,1,$0.15,50,"$16,265.81"
,CITY OF AUBURN,10,$511.00,,,,,10,$511.00
2 - CITY,CITY OF AZUSA,27,"$10,647.75",,,1,$63.27,28,"$10,711.02"
,CITY OF ROCKLIN,22,"$2,099.36",,,1,$8.82,23,"$2,108.18"
,CITY OF HERCULES PARKING,106,"$18,138.90",1,$87.50,3,$152.46,110,"$18,378.86"
,CITY OF SANTA CLARA,195,"$29,532.30",,,3,$196.93,198,"$29,729.23"
,CITY OF CALIFORNIA CITY,17,"$13,236.00",,,1,"$1,299.00",18,"$14,535.00"
,CITY OF CAMPBELL,45,"$6,875.89",,,1,$130.00,46,"$7,005.89"
,CITY OF CAPITOLA,116,"$12,021.17",,,,,116,"$12,021.17"
,CITY OF CARLSBAD,36,"$4,956.08",1,$120.00,2,$333.39,39,"$5,409.47"
,CITY OF ESCONDIDO,493,"$64,893.62",1,$101.00,2,$93.12,496,"$65,087.74"
,CITY OF CARSON,23,"$5,116.76",,,,,23,"$5,116.76"
,CITY OF MANTECA,5,"$4,428.19",,,,,5,"$4,428.19"
,CITY OF SAN RAFAEL,321,"$83,071.36",5,"$1,972.86",11,"$1,228.14",337,"$86,272.36"
,CITY OF CERRITOS,100,"$8,454.78",,,2,$604.00,102,"$9,058.78"
,CITY OF LAKE FOREST,5,"$4,100.00",,,,,5,"$4,100.00"
,CITY OF COACHELLA PARK RANGER DIV,360,"$31,356.30",,,1,$109.76,361,"$31,466.06"
,CITY OF CORCORAN,8,"$2,663.91",,,,,8,"$2,663.91"
,CITY OF CORONA,334,"$77,660.04",,,2,$10.01,336,"$77,670.05"
,CITY OF COVINA,11,"$5,695.74",,,,,11,"$5,695.74"
,CITY OF CUDAHY,340,"$58,056.19",,,1,$299.06,341,"$58,355.25"
,CITY OF DALY CITY,"1,233","$329,245.17",6,$983.52,17,"$1,617.91","1,256","$331,846.60"
,CITY OF PALMDALE,565,"$159,303.03",14,"$3,554.39",7,"$1,215.28",586,"$164,072.70"
,CITY OF DUARTE,164,"$34,770.57",4,"$1,252.00",1,$809.03,169,"$36,831.60"
,CITY OF ELK GROVE,39,"$7,139.54",,,,,39,"$7,139.54"
,CITY OF RIDGECREST,20,"$5,681.20",,,1,$100.00,21,"$5,781.20"
,CITY OF SANTA BARBARA PARKING,779,"$149,302.26",6,"$1,468.00",7,$389.97,792,"$151,160.23"
,CITY OF ESCALON,20,"$4,874.94",,,2,$23.96,22,"$4,898.90"
,CITY OF SAN JACINTO,577,"$90,960.85",1,$102.50,5,$288.99,583,"$91,352.34"
,CITY OF ALHAMBRA,2,"$2,088.00",,,,,2,"$2,088.00"
,CITY OF POWAY,38,"$4,973.47",,,1,$21.90,39,"$4,995.37"
,CITY OF GARDEN GROVE,89,"$39,297.45",,,,,89,"$39,297.45"
,CITY OF VERNON,53,"$5,396.23",,,,,53,"$5,396.23"
,CITY OF FARMERSVILLE,7,"$1,173.00",,,,,7,"$1,173.00"
,CITY OF HAWAIIAN GARDENS,79,"$12,577.01",,,2,$591.00,81,"$13,168.01"
,CITY OF CITRUS HEIGHTS,76,"$12,307.54",,,2,$100.59,78,"$12,408.13"
,CITY OF HAYWARD,82,"$26,965.00",1,"$1,000.00",1,$89.39,84,"$28,054.39"
,CITY OF HEMET,42,"$19,942.27",,,1,$19.99,43,"$19,962.26"
,CITY OF DESERT HOT SPRINGS,47,"$7,604.75",1,$160.00,,,48,"$7,764.75"
,CITY OF HUNTINGTON BEACH,"1,513","$185,619.61",14,"$2,864.00",17,"$1,407.91","1,544","$189,891.52"
,CITY OF INDIAN WELLS,10,"$2,684.95",,,,,10,"$2,684.95"
,CITY OF LAGUNA NIGUEL,5,"$3,266.00",,,,,5,"$3,266.00"
,CITY OF LA HABRA HEIGHTS,4,"$2,564.00",,,,,4,"$2,564.00"
,CITY OF ADELANTO,82,"$29,237.09",,,,,82,"$29,237.09"
,CITY OF CUPERTINO,32,"$4,704.38",,,,,32,"$4,704.38"
,CITY OF SAN GABRIEL,156,"$32,813.63",1,$146.00,1,$335.88,158,"$33,295.51"
,CITY OF PASADENA,"1,995","$265,024.79",12,"$1,448.69",32,"$2,558.40","2,039","$269,031.88"
,CITY OF RIVERSIDE,261,"$136,117.98",1,$411.00,4,$516.89,266,"$137,045.87"
,CITY OF LA MIRADA,168,"$38,215.82",,,2,$61.91,170,"$38,277.73"
,CITY OF LANCASTER,555,"$79,166.67",5,$796.00,9,$348.85,569,"$80,311.52"
,CITY OF GARDENA,731,"$117,055.51",5,$725.00,10,"$1,004.46",746,"$118,784.97"
,CITY OF NORCO,109,"$18,293.44",1,$449.00,1,$9.68,111,"$18,752.12"
,CITY OF LA VERNE,13,"$4,603.55",,,,,13,"$4,603.55"
,CITY OF LAWNDALE,800,"$158,263.47",5,$766.50,10,$711.44,815,"$159,741.41"
,CITY OF LA VERNE,83,"$15,231.08",2,$234.00,2,$20.01,87,"$15,485.09"
,CITY OF TWENTYNINE PALMS,12,"$1,836.97",,,,,12,"$1,836.97"
,CITY OF MALIBU,291,"$46,089.64",3,$474.00,6,$833.40,300,"$47,397.04"
,MANHATTAN BEACH ADMIN,286,"$39,259.37",3,$354.00,5,$578.23,294,"$40,191.60"
,CITY OF MERCED,473,"$141,050.25",4,"$1,606.00",11,"$1,325.69",488,"$143,981.94"
,CITY OF MILPITAS,1,$125.00,,,,,1,$125.00
,CITY OF MISSION VIEJO,6,"$2,709.50",,,,,6,"$2,709.50"
,CITY OF MODESTO,75,"$23,637.06",,,1,$21.13,76,"$23,658.19"
,CITY OF MORENO VALLEY,"2,496","$535,176.70",12,"$2,656.00",21,"$4,056.10","2,529","$541,888.80"
,CITY OF MISSION VIEJO,25,"$4,958.11",2,$500.00,2,$121.00,29,"$5,579.11"
,CITY OF SAN JOSE,"3,343","$785,073.30",34,"$11,535.29",44,"$4,491.35","3,421","$801,099.94"
,TOWN OF YUCCA VALLEY,16,"$11,589.91",,,,,16,"$11,589.91"
,CITY OF NEWPORT BEACH,464,"$70,954.00",5,$590.00,9,$513.50,478,"$72,057.50"
,NOVATO POLICE DEPT,107,"$39,070.93",,,3,$110.69,110,"$39,181.62"
,CITY OF OCEANSIDE,43,"$18,951.03",2,"$2,000.00",,,45,"$20,951.03"
2 - CITY,CITY OF LA MESA,87,"$11,325.61",,,,,87,"$11,325.61"
,CITY OF PALM SPRINGS,100,"$28,806.83",1,$61.00,2,$54.00,103,"$28,921.83"
,CITY OF EAST PALO ALTO,89,"$14,285.10",1,$54.20,1,$9.69,91,"$14,348.99"
,CITY OF HALF MOON BAY,17,"$2,249.00",1,$112.00,,,18,"$2,361.00"
,CITY OF PLACENTIA,48,"$26,640.48",1,"$1,550.00",,,49,"$28,190.48"
,CITY OF BRISBANE,16,"$2,343.00",,,,,16,"$2,343.00"
,CITY OF AVALON,29,"$8,985.40",,,1,$61.17,30,"$9,046.57"
,CITY OF POMONA,819,"$150,079.22",10,"$4,241.00",10,"$1,119.39",839,"$155,439.61"
,CITY OF RANCHO CUCAMONGA,264,"$57,968.31",3,$356.00,3,$683.54,270,"$59,007.85"
,CITY OF REDLANDS,155,"$30,815.32",2,$333.00,4,$373.62,161,"$31,521.94"
,CITY OF REDONDO BEACH,509,"$89,763.21",3,$694.00,9,$874.65,521,"$91,331.86"
,CITY OF REDWOOD CITY,151,"$20,355.15",4,"$1,069.00",4,$275.00,159,"$21,699.15"
,CITY OF MURRIETA,495,"$85,487.69",2,$173.00,10,$664.87,507,"$86,325.56"
,CITY OF OAKLAND PARKING,"7,536","$2,506,401.47",55,"$17,347.08",97,"$16,662.62","7,688","$2,540,411.17"
,CITY OF CULVER CITY,289,"$52,478.01",3,$968.00,7,$490.92,299,"$53,936.93"
,CITY OF MENIFEE,62,"$16,944.23",1,$100.00,1,$36.54,64,"$17,080.77"
,CITY OF SAN CLEMENTE,113,"$15,640.66",1,$279.00,,,114,"$15,919.66"
,CITY OF SANTA MONICA,966,"$177,942.08",4,$561.00,11,"$1,066.97",981,"$179,570.05"
,CITY OF FOUNTAIN VALLEY,82,"$11,899.91",1,$87.00,2,$110.10,85,"$12,097.01"
,CITY OF RIPON,6,$806.04,,,,,6,$806.04
,CITY OF RIVERBANK,68,"$15,150.15",1,$96.00,,,69,"$15,246.15"
,CITY OF ROHNERT PARK,4,"$3,281.50",,,,,4,"$3,281.50"
,CITY OF CORONA,3,"$3,651.00",,,,,3,"$3,651.00"
,CITY OF BELLFLOWER,"1,430","$372,481.19",15,"$3,824.52",12,"$1,131.31","1,457","$377,437.02"
,FOSTER CITY POLICE DEPT,8,"$1,360.00",,,1,$163.72,9,"$1,523.72"
,CITY OF SAN DIEGO,"2,041","$344,112.84",21,"$7,703.35",57,"$7,386.63","2,119","$359,202.82"
,CITY OF EL CENTRO,5,"$4,887.00",1,$110.00,,,6,"$4,997.00"
,CITY OF SAN LEANDRO,360,"$71,592.40",5,"$1,110.00",2,$146.77,367,"$72,849.17"
,CITY OF SAN CARLOS,51,"$9,956.00",,,1,$55.96,52,"$10,011.96"
,CITY OF SANTA ANA,"3,559","$786,160.29",47,"$13,371.25",43,"$4,070.79","3,649","$803,602.33"
,CITY OF SIERRA MADRE,11,$977.00,,,,,11,$977.00
,CITY OF SEAL BEACH,555,"$66,577.77",1,$92.00,12,$708.77,568,"$67,378.54"
,PACIFICA POLICE DEPARTMENT,147,"$24,703.72",2,$235.00,4,$227.30,153,"$25,166.02"
,CITY OF RICHMOND,20,"$1,230.68",1,$55.00,3,$171.16,24,"$1,456.84"
,CITY OF SANTA MONICA,9,"$1,175.24",,,,,9,"$1,175.24"
,CITY OF PACIFIC GROVE,58,"$5,830.30",,,,,58,"$5,830.30"
,CITY OF EL MONTE (PARKING),842,"$134,607.27",7,"$1,302.00",4,$758.70,853,"$136,667.97"
,CITY OF POMONA,61,"$30,484.84",2,$472.00,2,$649.68,65,"$31,606.52"
,CITY OF TEMPLE CITY,57,"$9,201.35",,,1,$24.27,58,"$9,225.62"
,CITY OF IRVINE,106,"$20,862.46",1,$678.00,4,$559.93,111,"$22,100.39"
,CITY OF SOUTH SAN FRANCISCO,258,"$51,246.82",4,$408.00,6,$393.12,268,"$52,047.94"
,CITY OF TUSTIN,257,"$55,584.18",2,$330.00,5,$243.10,264,"$56,157.28"
,CITY OF VICTORVILLE,209,"$77,370.70",1,$200.00,2,$27.04,212,"$77,597.74"
,CITY OF WEST HOLLYWOOD,"1,410","$175,689.41",15,"$1,904.21",41,"$2,827.68","1,466","$180,421.30"
,CITY OF ORANGE,723,"$128,730.36",10,"$3,701.01",4,$350.39,737,"$132,781.76"
,CITY OF SAN BERNARDINO,973,"$173,275.00",3,$625.00,7,"$1,431.90",983,"$175,331.90"
,CITY OF YUBA CITY,57,"$14,680.17",3,$530.00,,,60,"$15,210.17"
,CITY OF CATHEDRAL CITY,6,"$4,374.80",,,,,6,"$4,374.80"
,CITY OF LOS ANGELES,"1,137","$334,772.96",21,"$7,433.54",21,"$4,331.35","1,179","$346,537.85"
,CITY OF DEL MAR,160,"$13,754.75",,,2,$83.12,162,"$13,837.87"
,CITY OF ARCADIA,108,"$27,038.15",,,,,108,"$27,038.15"
,CITY OF WESTMINSTER,416,"$105,118.86",1,$262.06,6,$327.87,423,"$105,708.79"
,CITY OF COSTA MESA,379,"$44,150.83",4,$973.50,6,$384.68,389,"$45,509.01"
,CITY OF SOUTH LAKE TAHOE,32,"$6,470.12",,,2,$94.42,34,"$6,564.54"
,CITY OF INDIO,11,"$4,702.00",,,,,11,"$4,702.00"
,CITY OF ANAHEIM,"1,350","$219,561.38",11,"$1,638.00",11,$485.72,"1,372","$221,685.10"
,CITY OF VISTA,549,"$152,061.91",5,"$3,329.00",3,$227.56,557,"$155,618.47"
,CITY OF PALO ALTO,177,"$29,350.51",,,2,$317.00,179,"$29,667.51"
,CITY OF HUGHSON,16,"$2,505.27",,,,,16,"$2,505.27"
,CITY OF BUENA PARK,437,"$65,553.33",2,$288.00,5,$531.46,444,"$66,372.79"
,CITY OF RANCHO MIRAGE,26,"$8,853.03",,,,,26,"$8,853.03"
,CITY OF TORRANCE,313,"$40,382.73",5,$538.00,2,$3.25,320,"$40,923.98"
,CITY OF UNION CITY,240,"$57,506.20",6,"$1,205.00",2,$40.74,248,"$58,751.94"
,CITY OF ALAMEDA,212,"$36,294.17",,,5,$542.63,217,"$36,836.80"
,CITY OF CERES,75,"$9,563.72",1,$145.00,,,76,"$9,708.72"
,CITY OF IMPERIAL BEACH,69,"$12,060.38",1,$133.00,1,$2.82,71,"$12,196.20"
,CITY OF LOS ALAMITOS CODE,4,$400.00,,,,,4,$400.00
2 - CITY,CITY OF NORWALK,479,"$111,886.79",8,"$1,916.00",4,$644.62,491,"$114,447.41"
,CITY OF SAN JOSE,16,"$22,847.21",,,2,"$9,828.76",18,"$32,675.97"
,CITY OF SOUTH GATE,130,"$24,124.35",2,"$1,148.26",1,$0.51,133,"$25,273.12"
,CITY OF ESCALON,10,"$1,562.24",,,,,10,"$1,562.24"
,CITY OF MONTEREY PARK,247,"$26,888.44",1,$60.00,7,$357.94,255,"$27,306.38"
,CITY OF LOS ANGELES (LADOT),"11,013","$3,401,405.95",89,"$30,736.26",104,"$16,876.51","11,206","$3,449,018.72"
,MENLO PARK POLICE DEPARTMENT,88,"$14,915.35",1,$116.00,1,$129.00,90,"$15,160.35"
,CITY OF LONG BEACH,251,"$123,794.98",2,"$1,310.75",3,$611.53,256,"$125,717.26"
,CITY OF LOS ANGELES,1,"$5,185.00",,,,,1,"$5,185.00"
,CITY OF RANCHO CORDOVA,76,"$16,963.98",1,$239.00,1,$266.42,78,"$17,469.40"
,CITY OF COTATI,17,"$1,412.79",,,,,17,"$1,412.79"
,CITY OF PETALUMA,38,"$4,039.02",,,1,$98.00,39,"$4,137.02"
,CITY OF LODI,105,"$16,816.41",,,,,105,"$16,816.41"
,CITY OF RIALTO,418,"$104,287.59",2,$122.00,2,$43.17,422,"$104,452.76"
,CITY OF GLENDALE,"1,345","$258,356.61",12,"$4,033.00",25,"$4,547.23","1,382","$266,936.84"
,CITY OF EASTVALE,3,$390.14,,,,,3,$390.14
,CITY OF CARSON,539,"$97,837.47",3,$365.97,7,$367.17,549,"$98,570.61"
,CITY OF OAKLAND - RMB,195,"$119,581.63",,,4,"$1,567.50",199,"$121,149.13"
,CITY OF WEST COVINA,176,"$28,275.42",,,4,$416.14,180,"$28,691.56"
,CITY OF MONTCLAIR,22,"$3,810.00",1,$68.00,,,23,"$3,878.00"
,CITY OF LONG BEACH,"10,052","$3,094,107.39",120,"$40,087.59",146,"$15,909.64","10,318","$3,150,104.62"
,CITY OF GLENDORA,142,"$24,089.00",,,2,$65.90,144,"$24,154.90"
,CITY OF PORT HUENEME,394,"$64,214.85",9,"$1,352.00",4,$431.74,407,"$65,998.59"
,CITY OF SANTE FE SPRINGS,238,"$48,968.73",2,$222.00,,,240,"$49,190.73"
,SAN FRANCISCO MUNICIPAL TRANS AGNCY,"3,660","$1,226,192.08",29,"$8,716.76",52,"$7,558.12","3,741","$1,242,466.96"
,CITY OF JURUPA VALLEY,187,"$71,649.80",2,$375.00,4,$712.78,193,"$72,737.58"
,CITY OF SAN BRUNO,226,"$42,189.78",3,$755.00,2,$106.80,231,"$43,051.58"
,CITY OF NAPA,224,"$64,654.38",3,"$1,699.00",4,$185.08,231,"$66,538.46"
,CITY OF LOMA LINDA,29,"$3,697.57",,,,,29,"$3,697.57"
,CITY OF SOUTH EL MONTE,141,"$27,100.07",3,$322.00,,,144,"$27,422.07"
,CITY OF COLTON,406,"$94,638.23",1,$500.00,2,$171.06,409,"$95,309.29"
,CITY OF FREMONT,357,"$84,321.00",3,"$1,526.00",5,$827.75,365,"$86,674.75"
,CITY OF YORBA LINDA,30,"$6,010.65",,,,,30,"$6,010.65"
,CITY OF SOLANA BEACH,32,"$3,555.80",,,1,$40.70,33,"$3,596.50"
,CITY OF EASTVALE,316,"$36,035.58",3,$217.00,3,$141.57,322,"$36,394.15"
,CITY OF HAYWARD,712,"$272,875.08",5,"$3,153.50",13,$965.82,730,"$276,994.40"
,CITY OF ROSEMEAD,294,"$44,484.80",3,$183.00,5,$211.50,302,"$44,879.30"
,CITY OF SANTA CLARITA,8,"$2,349.27",,,1,$200.57,9,"$2,549.84"
,CITY OF LA QUINTA,45,"$4,063.62",,,,,45,"$4,063.62"
,CITY OF COVINA,609,"$133,376.24",4,"$2,711.00",9,"$1,307.97",622,"$137,395.21"
,CITY OF ATWATER,42,"$10,429.22",,,1,$18.00,43,"$10,447.22"
,SAN BERNARDINO MUNICIPAL WATER DEPT,73,"$9,682.25",,,2,$228.08,75,"$9,910.33"
,CITY OF WHITTIER,584,"$129,729.89",5,$656.51,4,$185.04,593,"$130,571.44"
,CITY OF HUNTINGTON PARK,"1,372","$336,792.89",15,"$6,304.36",9,"$1,181.88","1,396","$344,279.13"
,CITY OF BIGGS,8,"$3,301.95",,,,,8,"$3,301.95"
,CITY OF TEHACHAPI,18,"$11,040.00",,,,,18,"$11,040.00"
,COASTAL ANIMAL SERVICE AUTHORITY,34,"$9,394.09",,,,,34,"$9,394.09"
,CITY OF SIGNAL HILL,129,"$24,437.59",,,1,$192.00,130,"$24,629.59"
,CITY OF COACHELLA,74,"$14,819.76",,,1,$75.00,75,"$14,894.76"
,CITY OF DESERT HOT SPRINGS,43,"$11,824.02",,,2,$116.79,45,"$11,940.81"
,CITY OF CHINO,267,"$83,646.12",2,$597.50,3,$613.54,272,"$84,857.16"
,CITY OF LAGUNA BEACH,287,"$27,526.32",,,2,$251.00,289,"$27,777.32"
,CITY OF KINGSBURG,1,$50.00,,,,,1,$50.00
,CITY OF WATERFORD,2,$440.00,,,,,2,$440.00
,CITY OF BELL GARDENS,390,"$53,963.71",2,$290.00,6,$209.86,398,"$54,463.57"
,CITY OF BELL,9,"$1,021.00",1,$910.00,1,$4.94,11,"$1,935.94"
,CITY OF MAYWOOD,265,"$46,103.28",6,$928.62,1,$569.98,272,"$47,601.88"
,CITY OF MILLBRAE,53,"$9,035.74",,,1,$135.86,54,"$9,171.60"
,CITY OF MONTEREY,239,"$27,462.97",2,$178.00,1,$10.20,242,"$27,651.17"
,CITY OF OCEANSIDE,"1,714","$317,139.74",17,"$4,088.00",22,"$1,582.29","1,753","$322,810.03"
,CITY OF WOODLAND,103,"$14,371.62",1,$121.00,,,104,"$14,492.62"
,CITY OF YUCAIPA,9,"$2,320.00",,,1,$136.00,10,"$2,456.00"
,CITY OF FIREBAUGH,21,"$1,664.00",,,,,21,"$1,664.00"
,CITY OF SANTA BARBARA CODE,7,"$4,981.74",,,,,7,"$4,981.74"
,CITY OF CAMARILLO,204,"$36,821.83",,,4,$467.65,208,"$37,289.48"
,CITY OF CHICO,171,"$21,335.15",,,2,$178.44,173,"$21,513.59"
,CITY OF DIAMOND BAR,104,"$17,067.45",,,,,104,"$17,067.45"
2 - CITY,CITY OF VENTURA,564,"$98,672.43",6,"$1,146.17",10,$851.78,580,"$100,670.38"
,TOWN OF COLMA,53,"$9,793.58",2,$126.00,1,$126.00,56,"$10,045.58"
,CITY OF ROCKLIN,7,"$3,287.00",1,$235.00,1,$14.40,9,"$3,536.40"
,CITY OF CLEARLAKE,267,"$93,816.01",2,$822.50,2,$278.15,271,"$94,916.66"
,CITY OF SHAFTER,27,"$3,638.03",,,,,27,"$3,638.03"
,CITY OF BARSTOW,27,"$7,742.11",,,1,$1.41,28,"$7,743.52"
,CITY OF NEEDLES,16,"$10,034.50",,,1,$66.50,17,"$10,101.00"
,CITY OF SANTA MONICA,4,"$1,272.77",,,,,4,"$1,272.77"
,CITY OF CLOVIS,80,"$7,843.33",2,$180.00,3,$260.27,85,"$8,283.60"
,CITY OF LOMITA,282,"$68,055.83",3,"$1,081.00",5,$787.63,290,"$69,924.46"
,CITY OF DANA POINT ADMIN,1,"$1,250.00",,,,,1,"$1,250.00"
,CITY OF YUBA CITY,38,"$7,558.22",1,$234.00,,,39,"$7,792.22"
,CITY OF SOUTH PASADENA,43,"$6,984.89",,,3,$208.04,46,"$7,192.93"
,CITY OF UPLAND,177,"$26,107.46",1,$300.00,4,$223.67,182,"$26,631.13"
,CITY OF HESPERIA,126,"$45,107.75",,,5,"$1,555.02",131,"$46,662.77"
,MILL VALLEY POLICE DEPARTMENT,63,"$13,159.11",,,1,$126.00,64,"$13,285.11"
,CITY OF EL MONTE,47,"$27,981.49",2,"$1,562.00",1,$95.02,50,"$29,638.51"
,CITY OF SOUTH GATE,"1,050","$197,517.16",15,"$2,248.00",5,$190.68,"1,070","$199,955.84"
,CITY OF SAUSALITO,81,"$17,945.52",1,"$1,000.00",4,$410.53,86,"$19,356.05"
,CITY OF COMPTON,"1,679","$434,725.79",23,"$4,500.46",19,"$5,161.64","1,721","$444,387.89"
,CITY OF UKIAH,34,"$2,257.84",,,2,$110.00,36,"$2,367.84"
,CITY OF BAKERSFIELD,429,"$61,901.49",5,"$1,055.00",6,$273.50,440,"$63,229.99"
,CITY OF KERMAN,22,"$3,718.00",1,$222.97,,,23,"$3,940.97"
,CITY OF SAN MATEO,295,"$57,656.36",3,$254.00,6,"$1,643.84",304,"$59,554.20"
,CITY OF FOWLER,1,$43.00,,,,,1,$43.00
,NEVADA CITY,45,"$4,603.79",,,2,$170.52,47,"$4,774.31"
,TOWN OF CORTE MADERA,6,"$1,165.00",,,,,6,"$1,165.00"
,BELVEDERE POLICE DEPARTMENT,1,$146.00,,,,,1,$146.00
,TOWN OF SAN ANSELMO,24,"$2,302.67",,,3,$151.33,27,"$2,454.00"
,FAIRFAX POLICE DEPARTMENT,30,"$8,101.78",,,1,$1.78,31,"$8,103.56"
,CITY OF CYPRESS,122,"$8,856.76",3,$202.00,1,$7.27,126,"$9,066.03"
,CITY OF BURLINGAME,171,"$23,756.63",2,$218.00,2,$589.00,175,"$24,563.63"
,CITY OF BELMONT,24,"$4,288.68",,,,,24,"$4,288.68"
,CITY OF VENTURA,11,"$2,657.00",,,,,11,"$2,657.00"
,CITY OF BALDWIN PARK,361,"$50,178.53",7,"$1,133.00",6,$340.19,374,"$51,651.72"
,LA CANADA FLINTRIDGE,13,"$1,519.90",,,1,$172.32,14,"$1,692.22"
,CITY OF OXNARD,965,"$193,233.78",6,$785.00,12,"$1,258.00",983,"$195,276.78"
,CITY OF CANYON LAKE,8,"$1,239.00",,,,,8,"$1,239.00"
,CITY OF PARAMOUNT,865,"$135,287.92",7,"$1,644.00",3,$426.00,875,"$137,357.92"
2 - CITY Total,,"125,869","$29,611,393.68","1,104","$304,039.96","1,657","$208,798.35","128,630","$30,124,231.99"
3 - COUNTY,ALAMEDA COUNTY AUDITOR-CONTROLLER,"3,426","$1,492,737.75",42,"$26,733.38",70,"$26,369.91","3,538","$1,545,841.04"
,BUTTE COUNTY,"3,102","$1,378,595.49",33,"$22,668.31",57,"$8,348.37","3,192","$1,409,612.17"
,DEL NORTE COUNTY,34,"$13,633.01",,,,,34,"$13,633.01"
,FRESNO COUNTY,"1,498","$579,753.18",14,"$9,296.35",21,"$4,248.94","1,533","$593,298.47"
,INYO COUNTY PROBATION DEPT.,12,"$3,759.00",1,"$1,000.00",1,$227.97,14,"$4,986.97"
,SANTA CRUZ COUNTY,4,"$2,979.40",,,,,4,"$2,979.40"
,MADERA COUNTY,103,"$48,761.59",1,"$1,000.00",2,"$1,243.42",106,"$51,005.01"
,MARIN COUNTY,147,"$80,075.86",2,$524.76,7,"$1,591.34",156,"$82,191.96"
,MARIPOSA COUNTY,6,"$1,614.36",,,1,$14.21,7,"$1,628.57"
,MONTERREY COUNTY,"2,459","$1,034,517.37",24,"$16,443.69",33,"$2,010.17","2,516","$1,052,971.23"
,COUNTY OF NAPA,2,$863.67,,,,,2,$863.67
,IMPERIAL COUNTY SHERIFF,5,$911.00,,,,,5,$911.00
,COUNTY OF SANTA CRUZ,1,"$1,444.00",,,,,1,"$1,444.00"
,COUNTY OF TEHAMA,82,"$26,446.40",,,,,82,"$26,446.40"
,COUNTY OF YOLO,28,"$10,126.21",,,1,$84.08,29,"$10,210.29"
,COUNTY OF GLENN,18,"$4,328.96",,,,,18,"$4,328.96"
,COUNTY OF ORANGE TTC,"1,426","$731,010.81",32,"$16,973.19",46,"$22,992.04","1,504","$770,976.04"
,COUNTY OF PLACER,"2,845","$1,113,254.93",22,"$12,906.65",74,"$10,812.65","2,941","$1,136,974.23"
,PLUMAS COUNTY,187,"$86,886.32",3,"$2,079.42",3,$319.12,193,"$89,284.86"
,COUNTY OF SACRAMENTO,"5,768","$2,563,565.90",63,"$43,165.29",154,"$41,054.82","5,985","$2,647,786.01"
,TEHAMA COUNTY ENVIRONMENTAL HEALTH,1,"$1,836.00",,,,,1,"$1,836.00"
,COUNTY OF SANTA CLARA,"4,098","$1,973,128.27",62,"$37,992.06",85,"$14,903.03","4,245","$2,026,023.36"
,SANTA CRUZ COUNTY,11,"$11,656.36",,,,,11,"$11,656.36"
,SISKIYOU COUNTY,20,"$6,431.64",1,$70.73,,,21,"$6,502.37"
,COUNTY OF SAN MATEO,20,"$17,879.29",,,1,$750.60,21,"$18,629.89"
,COUNTY OF SANTA CLARA,116,"$120,297.89",,,1,$696.39,117,"$120,994.28"
,SONOMA COUNTY PROBATION,723,"$376,147.17",5,"$1,795.23",20,"$2,404.83",748,"$380,347.23"
3 - COUNTY,TULARE COUNTY SHERIFF,4,$160.00,,,,,4,$160.00
,MONTEREY COUNTY,18,"$1,675.00",,,,,18,"$1,675.00"
,STANISLAUS COUNTY,"2,902","$1,238,112.57",25,"$11,539.65",56,"$10,565.79","2,983","$1,260,218.01"
,COUNTY OF TRINITY,30,"$9,096.29",,,1,$0.13,31,"$9,096.42"
,TUOLUMNE COUNTY,725,"$355,425.95",8,"$5,789.41",14,"$1,414.02",747,"$362,629.38"
,IMPERIAL COUNTY,24,"$10,568.22",,,,,24,"$10,568.22"
,SONOMA COUNTY ACTTC,69,"$50,206.31",1,$240.65,1,"$1,244.39",71,"$51,691.35"
,MARIN COUNTY SHERIFF'S OFFICE,150,"$54,337.48",1,$170.00,3,$399.66,154,"$54,907.14"
,SAN DIEGO COUNTY,301,"$111,853.92",1,$75.00,4,$443.31,306,"$112,372.23"
,LOS ANGELES COUNTY,881,"$401,236.93",3,$954.74,25,"$10,979.79",909,"$413,171.46"
,LOS ANGELES COUNTY SHERIFF,"3,203","$840,324.39",28,"$8,731.99",22,"$2,566.24","3,253","$851,622.62"
,COUNTY OF EL DORADO,13,"$6,497.66",,,,,13,"$6,497.66"
,SACRAMENTO COUNTY,"1,710","$467,757.41",8,"$2,810.96",36,"$5,166.61","1,754","$475,734.98"
,CONTRA COSTA TREASURER TAX COLLECTO,785,"$220,140.68",5,"$1,513.29",10,"$3,736.33",800,"$225,390.30"
,VENTURA COUNTY ANIMAL SERVICES,222,"$47,623.37",2,$524.00,8,"$1,401.26",232,"$49,548.63"
,ALAMEDA COUNTY SHERIFF'S OFFICE,671,"$162,839.12",5,"$1,453.00",8,$734.73,684,"$165,026.85"
,KERN COUNTY TREASURER-TAX COLLECTOR,238,"$135,369.41",,,1,"$1,980.23",239,"$137,349.64"
,COUNTY OF SAN JOAQUIN,265,"$134,017.40",3,"$1,400.65",5,$962.28,273,"$136,380.33"
,COUNTY OF RIVERSIDE,"1,819","$726,860.49",6,"$5,015.00",25,"$3,149.98","1,850","$735,025.47"
,COUNTY OF ORANGE,5,"$1,988.00",,,1,"$4,500.00",6,"$6,488.00"
,COUNTY OF MONO,28,"$5,163.04",,,,,28,"$5,163.04"
,HUMBOLDT COUNTY PROBATION,38,"$21,563.10",1,$100.00,1,$345.00,40,"$22,008.10"
,COUNTY OF SAN BERNARDINO,48,"$24,862.13",2,"$2,039.68",,,50,"$26,901.81"
,ALAMEDA COUNTY,1,$62.00,,,,,1,$62.00
,COUNTY OF SANTA CLARA,390,"$51,651.99",4,$674.00,9,$676.45,403,"$53,002.44"
,RIVERSIDE COUNTY TREASURER-TAX COLL,716,"$640,409.84",5,"$7,489.66",14,"$3,326.25",735,"$651,225.75"
,COUNTY OF KINGS,169,"$84,327.14",2,$272.48,1,$343.58,172,"$84,943.20"
,COUNTY OF HUMBOLDT,882,"$415,319.75",9,"$10,092.00",15,"$5,526.33",906,"$430,938.08"
,MENDOCINO COUNTY COURT COLLECTIONS,540,"$253,871.90",7,"$7,889.77",13,"$5,549.65",560,"$267,311.32"
,SACRAMENTO COUNTY SHERIFF'S DEPT.,263,"$28,845.83",3,$172.00,6,$232.82,272,"$29,250.65"
,STANISLAUS COUNTY,"1,531","$756,944.85",19,"$13,409.46",25,"$6,171.51","1,575","$776,525.82"
,HUMBOLT COUNTY DHHS-SSB,483,"$187,480.84",3,"$2,315.00",10,"$5,162.51",496,"$194,958.35"
,MERCED COUNTY,74,"$35,880.27",1,$329.84,1,$44.72,76,"$36,254.83"
,ORANGE COUNTY TRANSPORTATION AUTH.,609,"$114,941.17",14,"$3,120.70",39,"$2,820.59",662,"$120,882.46"
,SHASTA COUNTY HHSA,709,"$234,706.39",7,"$1,828.48",9,"$1,343.46",725,"$237,878.33"
,AMADOR COUNTY TREAS/TAX COLLECTOR,17,"$5,595.98",,,1,$608.42,18,"$6,204.40"
,COUNTY OF SHASTA,121,"$39,140.39",1,$195.79,,,122,"$39,336.18"
,NEVADA COUNTY TREASURER,38,"$11,886.94",,,1,$6.00,39,"$11,892.94"
,TRANSPORTATION CORRIDOR AGENCIES,18,"$13,825.80",,,,,18,"$13,825.80"
,ORANGE COUNTY PARKS,12,"$1,475.89",,,,,12,"$1,475.89"
,RIVERSIDE COUNTY,6,"$1,197.50",,,2,$10.09,8,"$1,207.59"
,KERN COUNTY,13,"$5,477.51",,,,,13,"$5,477.51"
,MONTEREY COUNTY DEPT OF SOCIAL SERV,10,"$2,564.37",,,,,10,"$2,564.37"
,HUMBOLDT COUNTY,56,"$12,736.89",1,$185.78,,,57,"$12,922.67"
,KERN COUNTY PROBATION DEPT,334,"$182,132.69",3,"$2,349.71",6,"$5,610.62",343,"$190,093.02"
,MADERA COUNTY PROBATION,354,"$199,919.48",8,"$6,490.10",4,$192.99,366,"$206,602.57"
,MODOC COUNTY,1,$126.00,,,,,1,$126.00
,SAN BERNARDINO COUNTY,"26,342","$9,365,014.01",195,"$120,514.64",512,"$88,083.67","27,049","$9,573,612.32"
,COUNTY OF SAN JOAQUIN,"2,784","$1,584,678.86",30,"$22,792.89",45,"$11,093.15","2,859","$1,618,564.90"
,SAN LUIS OBISPO COUNTY PROBATION,387,"$156,715.28",9,"$6,148.52",18,"$2,322.07",414,"$165,185.87"
,SAN MATEO COUNTY SHERIFF,165,"$29,970.15",3,$926.00,,,168,"$30,896.15"
,COUNTY OF SONOMA,77,"$87,383.83",2,"$1,100.00",3,"$1,079.22",82,"$89,563.05"
,TULARE COUNTY PROBATION,459,"$116,155.41",6,$748.36,1,$15.22,466,"$116,918.99"
,COUNTY OF MONTEREY,196,"$75,346.15",1,$273.57,2,$346.92,199,"$75,966.64"
,MARIPOSA COUNTY PROBATION DEPT,15,"$15,333.76",,,,,15,"$15,333.76"
,COUNTY OF RIVERSIDE,17,"$8,542.97",,,2,$310.37,19,"$8,853.34"
,PLACER COUNTY TREASURER-TAX COLL,102,"$89,861.00",,,6,$658.78,108,"$90,519.78"
,SAN DIEGO COUNTY TAX COLLECTOR,1,$787.80,,,,,1,$787.80
3 - COUNTY Total,,"78,183","$31,520,631.33",737,"$444,325.83","1,543","$329,197.03","80,463","$32,294,154.19"
4 - STATE,JUDICIAL COUNCIL OF CA,5,"$1,658.60",,,,,5,"$1,658.60"
,CALIFORNIA DEPT.OF TAX & FEE ADMIN,15,"$7,112.21",,,,,15,"$7,112.21"
,BOARD OF EQUALIZATION,28,"$12,442.15",,,,,28,"$12,442.15"
,DEPT.OF FIN.PROTECTION &INNOVATION,1,"$1,393.00",,,,,1,"$1,393.00"
,CA.SCHOOL FOR THE DEAF-FREMONT,2,$128.54,,,,,2,$128.54
,HCAI,6,"$11,703.00",,,,,6,"$11,703.00"
,FAIR POLITICAL PRACTICES COM,13,"$13,691.12",,,,,13,"$13,691.12"
,CA DEPT OF TAX AND FEE ADMIN,"6,586","$4,377,866.56",56,"$45,130.41",132,"$44,362.60","6,774","$4,467,359.57"
4 - STATE,CA STATE POLYTECHNIC UNIV POMONA,918,"$301,213.75",2,"$2,000.00",12,"$2,167.09",932,"$305,380.84"
,CALIFORNIA STATE UNIV NORTHRIDGE,"1,140","$555,817.21",8,"$4,216.41",16,"$3,029.31","1,164","$563,062.93"
,EMPLOYMENT DEVELOPMENT DEPARTMENT,"92,954","$57,312,278.91",454,"$418,783.86","1,225","$249,875.94","94,633","$57,980,938.71"
,"UNIVERSITY OF CALIFORNIA, OP","1,427","$972,673.82",2,"$1,786.74",22,"$15,850.45","1,451","$990,311.01"
,CSU SACRAMENTO,959,"$338,065.00",2,$243.07,13,"$2,125.00",974,"$340,433.07"
,CA DEPT OF PARKS & RECREATION,2,$485.50,,,,,2,$485.50
,DEPT OF WATER RESOURCES,14,"$6,228.31",,,,,14,"$6,228.31"
,DEPT OF HEALTH CARE SERVICES,256,"$172,771.03",2,"$4,000.00",3,$386.22,261,"$177,157.25"
,CAL FIRE,34,"$9,783.44",,,1,$677.57,35,"$10,461.01"
,UCLA,343,"$62,141.97",6,"$1,045.79",9,$847.13,358,"$64,034.89"
,EMPLOYMENT DEVELOPMENT DEPT,"4,423","$3,191,225.01",70,"$64,637.01",157,"$94,085.35","4,650","$3,349,947.37"
,CORRECTIONS & REHABILITATION,216,"$107,284.88",,,3,$185.47,219,"$107,470.35"
,EMPLOYMENT DEVELOPMENT DEPT,98,"$25,690.67",2,$559.69,1,$23.70,101,"$26,274.06"
,CA DEPARTMENT OF PUBLIC HEALTH,3,"$1,000.30",,,,,3,"$1,000.30"
,FAIRVIEW DEVELOPMENTAL CTR.,16,"$3,960.19",1,$14.49,1,$91.37,18,"$4,066.05"
,DEPT OF STATE HOSPITALS - NAPA,19,"$15,931.48",1,$249.50,1,$135.15,21,"$16,316.13"
,PORTERVILLE DEVELOPMENTAL CENTER,19,"$8,083.74",,,,,19,"$8,083.74"
,SONOMA DEVELOPMENTAL CENTER,2,$134.42,,,,,2,$134.42
,CA DEPARTMENT OF JUSTICE,10,"$15,464.00",,,,,10,"$15,464.00"
,DEPARTMENT OF MOTOR VEHICLES,22,"$7,970.35",,,1,$0.26,23,"$7,970.61"
,CALPERS,103,"$82,882.51",,,2,$141.55,105,"$83,024.06"
,DEPARTMENT OF REHABILITATION,17,"$4,012.45",,,1,$15.57,18,"$4,028.02"
,DEPARTMENT OF CONSUMER AFFAIRS,596,"$289,023.22",7,"$7,413.43",15,"$3,886.48",618,"$300,323.13"
,DEPARTMENT OF FISH AND WILDLIFE,7,"$2,184.45",,,,,7,"$2,184.45"
,"CSU, BAKERSFIELD",797,"$376,633.69",5,"$4,325.73",12,"$1,642.68",814,"$382,602.10"
,CA STATE TEACHERS' RETIREMENT SYS,71,"$57,153.75",,,,,71,"$57,153.75"
,CALPERS,52,"$20,525.13",1,$27.97,3,$511.09,56,"$21,064.19"
,FRANCHISE TAX BOARD,,,,,"9,078","$3,948,339.61","9,078","$3,948,339.61"
,DEPT OF STATE HOSPITAL METROPOLITAN,12,"$4,535.31",,,,,12,"$4,535.31"
,DEPARTMENT OF TRANSPORTATION,264,"$159,866.30",1,"$1,302.47",4,$123.99,269,"$161,292.76"
,CA DEPT OF FOOD AND AGRICULTURE,4,$248.71,,,,,4,$248.71
,CA. DEPT. OF PARKS AND RECREATION,724,"$136,948.74",4,"$1,213.00",10,$904.31,738,"$139,066.05"
,CA HIGH SPEED RAIL AUTHORITY,2,$793.33,,,,,2,$793.33
,DEPT OF REAL ESTATE,24,"$12,279.18",,,2,$345.45,26,"$12,624.63"
,CALIFORNIA ENERGY COMMISSION,1,$334.00,,,,,1,$334.00
,DEPT OF CHILD SUPPORT SERVICES,"87,659","$57,289,518.57",593,"$1,030,621.66","2,114","$754,136.74","90,366","$59,074,276.97"
,FRANCHISE TAX BOARD,19,"$7,209.91",,,1,$0.88,20,"$7,210.79"
,CA DEPARTMENT OF SOCIAL SERVICES,"45,954","$26,964,641.23",274,"$220,152.03",668,"$138,587.65","46,896","$27,323,380.91"
,"UNIVERSITY OF CALIFORNIA, RIVERSIDE","1,355","$732,399.50",9,"$12,717.92",24,"$3,132.88","1,388","$748,250.30"
,STATE CONTROLLER'S OFFICE,4,$863.66,,,,,4,$863.66
,DEPARTMENT OF STATE HOSPITALS,16,"$9,646.84",1,$120.84,,,17,"$9,767.68"
,DEPARTMENT OF STATE HOSPITALS,4,$816.30,,,,,4,$816.30
,CA STUDENT AID COMMISSION,16,"$24,942.37",,,,,16,"$24,942.37"
,UC SANTA BARBARA,"1,040","$304,884.43",2,"$4,979.33",17,"$1,736.95","1,059","$311,600.71"
,CSU MARITIME ACADEMY,28,"$9,976.42",,,1,$54.62,29,"$10,031.04"
,HOUSING COMMUNITY DEVELOPMENT,2,$444.83,,,,,2,$444.83
,STATE WATER RESOURCES CONTROL BOARD,7,$911.59,,,1,"$2,361.00",8,"$3,272.59"
,CALIFORNIA LOTTERY,109,"$71,307.74",,,3,$285.25,112,"$71,592.99"
,DEPARTMENT OF INSURANCE,1,$165.00,,,,,1,$165.00
,SECRETARY OF STATE,4,$332.09,,,,,4,$332.09
,CA VICTIM COMPENSATION BOARD,20,"$15,899.03",,,,,20,"$15,899.03"
,FAIR POLITICAL PRACTICES COMMISSION,99,"$9,620.89",,,1,$100.00,100,"$9,720.89"
,STATE CONTROLLER'S OFFICE,3,"$1,841.00",,,2,"$2,942.62",5,"$4,783.62"
,DMV-FTB REGISTRATION COLLECTIONS,"1,064","$383,134.19",8,"$1,589.31",29,"$5,050.67","1,101","$389,774.17"
,DEPT OF SOCIAL SERVICES,24,"$10,871.65",,,,,24,"$10,871.65"
,DEPARTMENT OF MOTOR VEHICLES,3,"$2,623.41",,,,,3,"$2,623.41"
,CSU CHANCELLOR'S OFFICE,9,"$5,532.00",,,,,9,"$5,532.00"
,FRESNO STATE,50,"$6,845.94",1,$137.00,,,51,"$6,982.94"
,FRANCHISE TAX BOARD,,,"2,792","$3,359,052.62","1,319","$440,133.69","4,111","$3,799,186.31"
,CDPH - GENETIC DISEASE BRANCH,"3,030","$442,252.97",8,"$1,721.35",24,"$1,757.59","3,062","$445,731.91"
,UCLA DEBT MANAGEMENT SERVICES (DMS),729,"$381,552.07",5,"$4,759.44",25,"$10,381.93",759,"$396,693.44"
,CA DEPT OF SOCIAL SERVICES,115,"$65,533.04",1,$550.00,2,$188.36,118,"$66,271.40"
,EMPLOYMENT DEVELOPMENT DEPARTMENT,12,"$11,709.23",,,1,$236.73,13,"$11,945.96"
,CSU DOMINGUEZ HILLS,84,"$11,867.05",,,1,$176.00,85,"$12,043.05"
,CA DEPT OF TAX AND FEE ADMIN,3,$732.69,,,,,3,$732.69
,CA DEPT OF TAX AND FEE ADMIN,111,"$77,493.91",,,1,$49.62,112,"$77,543.53"
,CANYON SPRINGS DEVELOPMENT CENTER,10,"$4,218.21",,,,,10,"$4,218.21"
4 - STATE,RESOURCES RECYCLING & RECOVERY,3,"$1,941.52",,,,,3,"$1,941.52"
,"UNIVERSITY OF CALIFORNIA, BERKELEY",76,"$53,230.25",1,$378.00,,,77,"$53,608.25"
,CA GOVERNOR'S OFFICE OF EMERGENCY,5,"$1,739.21",,,,,5,"$1,739.21"
,STATE CONTROLLER'S OFFICE,1,"$2,525.60",,,,,1,"$2,525.60"
,CALIFORNIA SCIENCE CENTER,1,$34.76,,,,,1,$34.76
,CA HEALTH BENEFIT EXCHANGE,3,$743.67,,,,,3,$743.67
,CA DEPT OF HEALTH CARE SERVICES,11,"$6,823.76",,,,,11,"$6,823.76"
,CA PUBLIC UTILITY COMMISSION,4,"$1,968.37",,,,,4,"$1,968.37"
,CSU NORTHRIDGE,134,"$21,098.88",1,$127.00,1,$32.91,136,"$21,258.79"
,DMV-FTB REGISTRATION COLLECTIONS,"183,147","$61,938,757.89","1,207","$515,800.47","2,971","$466,341.30","187,325","$62,920,899.66"
,DMV-FTB REGISTRATION COLLECTIONS,"11,269","$3,180,929.51",215,"$71,225.82",345,"$47,607.67","11,829","$3,299,763.00"
,DMV-FTB REGISTRATION COLLECTIONS,"1,158","$334,835.77",31,"$10,837.00",50,"$8,102.02","1,239","$353,774.79"
,"UNIVERSITY OF CALIFORNIA, DAVIS",181,"$69,234.40",1,$48.00,18,"$2,666.75",200,"$71,949.15"
4 - STATE Total,,"449,782","$221,145,271.28","5,774","$5,791,767.36","18,343","$6,255,817.17","473,899","$233,192,855.81"
5 - COUNTY SUPERIOR COURT,KERN COUNTY SUPERIOR COURT,"8,060","$3,947,538.92",68,"$39,079.27",129,"$30,389.43","8,257","$4,017,007.62"
,"SUPERIOR COURT CA, VENTURA COUNTY","5,244","$2,377,483.52",47,"$27,134.86",87,"$13,563.65","5,378","$2,418,182.03"
,EL DORADO SUPERIOR COURT,319,"$161,963.06",8,"$6,507.95",8,"$1,080.55",335,"$169,551.56"
,SUPERIOR COURT OF CA COUNTY OF INYO,21,"$7,039.22",,,,,21,"$7,039.22"
,SOLANO SUPERIOR COURT,"1,864","$771,751.53",11,"$5,558.67",27,"$5,263.91","1,902","$782,574.11"
,LOS ANGELES SUPERIOR COURT,"5,511","$2,761,806.66",59,"$35,084.11",99,"$17,410.48","5,669","$2,814,301.25"
,LA SUPERIOR COURT - CIVIL SANCTIONS,1,$73.00,,,,,1,$73.00
,LA SUPERIOR COURT  JUVI DEPENDENCY,288,"$68,807.41",1,$290.00,,,289,"$69,097.41"
,LOS ANGELES SUPERIOR COURT,"5,335","$1,035,802.13",57,"$10,582.00",73,"$7,758.60","5,465","$1,054,142.73"
,LA SUPERIOR COURT-JUROR SERVICES,111,"$18,798.05",1,$50.00,,,112,"$18,848.05"
,SUPERIOR COURT OF CALIFORNIA,"7,710","$2,890,456.29",64,"$33,473.14",191,"$42,978.61","7,965","$2,966,908.04"
,LOS ANGELES SUPERIOR COURT-TRAFFIC,"31,892","$14,764,009.61",191,"$104,989.62",379,"$56,755.40","32,462","$14,925,754.63"
,CALAVERAS SUPERIOR COURT,314,"$137,681.97",1,$79.00,3,"$1,053.37",318,"$138,814.34"
,SAN DIEGO SUPERIOR COURT,"11,228","$3,695,625.51",91,"$39,683.20",201,"$27,586.44","11,520","$3,762,895.15"
,NAPA SUPERIOR COURT,"2,346","$991,196.63",19,"$7,784.43",46,"$19,082.32","2,411","$1,018,063.38"
,CONTRA COSTA SUPERIOR COURT,"6,288","$2,871,987.25",44,"$31,957.84",152,"$32,418.55","6,484","$2,936,363.64"
,SISKIYOU COUNTY SUPERIOR COURT,201,"$92,813.37",2,"$1,143.26",4,$70.80,207,"$94,027.43"
,COUNTY OF SAN BENITO,2,$776.71,,,,,2,$776.71
,YOLO SUPERIOR COURT OF CA,"2,798","$1,407,009.29",42,"$38,282.13",65,"$15,182.58","2,905","$1,460,474.00"
,ORANGE COUNTY SUPERIOR COURT,"3,555","$1,022,874.03",27,"$11,880.90",64,"$13,468.94","3,646","$1,048,223.87"
,SUPERIOR COURT OF SUTTER COUNTY,465,"$147,408.00",3,"$1,712.85",7,"$1,064.32",475,"$150,185.17"
,SUPERIOR COURT SAN FRANCISCO,897,"$270,369.46",11,"$6,306.87",24,"$3,253.61",932,"$279,929.94"
,RIVERSIDE SUPERIOR COURT,"18,151","$7,091,432.00",146,"$81,606.99",334,"$66,564.34","18,631","$7,239,603.33"
,SUPERIOR COURT OF CALIFORNIA,652,"$261,544.71",12,"$6,618.31",8,"$3,490.81",672,"$271,653.83"
,SUPERIOR COURT OF CA-VENTURA COUNTY,"5,919","$2,495,324.13",50,"$32,585.34",69,"$11,804.58","6,038","$2,539,714.05"
,RIVERSIDE SUPERIOR COURT,6,"$3,585.58",,,1,$15.05,7,"$3,600.63"
,SUPERIOR COURT COUNTY OFSANTA CRUZ,"1,375","$603,810.10",25,"$17,850.37",39,"$9,461.33","1,439","$631,121.80"
,MODOC SUPERIOR COURT,45,"$31,163.30",,,1,"$2,804.06",46,"$33,967.36"
5 - COUNTY SUPERIOR COURT Total,,"120,598","$49,930,131.44",980,"$540,241.11","2,011","$382,521.73","123,589","$50,852,894.28"
6 - OTHER STATES,UMASS GLOBAL,757,"$488,313.14",1,"$1,000.00",3,$292.71,761,"$489,605.85"
,STANFORD REDWOOD CITY CAMPUS,38,"$6,362.60",,,,,38,"$6,362.60"
,NOTRE DAME DE NAMUR UNIVERSITY,15,"$11,233.23",,,,,15,"$11,233.23"
,UNIVERSITY OF SOUTHERN CALIF.,91,"$66,979.80",,,,,91,"$66,979.80"
,STANFORD UNIVERSITY,80,"$18,696.06",1,$380.60,1,$20.75,82,"$19,097.41"
,SANTA CLARA UNIVERSITY,41,"$5,809.00",,,,,41,"$5,809.00"
,LOMA LINDA UNIVERSITY,8,"$9,309.11",,,,,8,"$9,309.11"
,LOYOLA MARYMOUNT UNIVERSITY,256,"$202,512.20",,,1,$24.84,257,"$202,537.04"
,LA SIERRA UNIVERSITY,30,"$18,839.33",,,2,$196.10,32,"$19,035.43"
,CHAPMAN UNIVERSITY,32,"$19,362.40",,,,,32,"$19,362.40"
6 - OTHER STATES Total,,"1,348","$847,416.87",2,"$1,380.60",7,$534.40,"1,357","$849,331.87"
7 - SPECIAL DISTRICTS,MRCA,116,"$19,458.41",1,$146.00,1,$0.85,118,"$19,605.26"
,CALTRAIN PENINSULA JOINT POWERS BRD,187,"$28,330.27",,,2,$219.42,189,"$28,549.69"
,ALAMEDA COUNTY TRANSIT,50,"$11,874.85",,,,,50,"$11,874.85"
,ELSINORE VALLEY MUNICIPAL WATER DIS,139,"$34,181.39",1,$305.23,5,$695.37,145,"$35,181.99"
,HESPERIA RECREATION AND PARK DIST,6,"$2,266.00",,,,,6,"$2,266.00"
,MARIN WATER DISTRICT,11,"$1,534.50",1,$71.00,,,12,"$1,605.50"
,CUCAMONGA VALLEY WATER DISTRICT,104,"$23,257.42",,,4,$201.93,108,"$23,459.35"
,EAST BAY MUNICIPAL UTILITY DISTRICT,27,"$9,779.51",,,,,27,"$9,779.51"
,SAN MATEO COUNTY HARBOR DISTRICT,7,$551.37,,,,,7,$551.37
,MORAGA-ORINDA FIRE DIST.,10,"$1,958.84",,,,,10,"$1,958.84"
,WESTERN MUNICIPAL WATER DISTRICT,39,"$8,873.06",,,1,$25.00,40,"$8,898.06"
,RANCHO CA WATER DISTRICT,169,"$24,994.97",2,$329.89,4,$440.18,175,"$25,765.04"
,SANTA CLARA VALLEY TRANSP. AUTH.,55,"$6,816.55",,,,,55,"$6,816.55"
7 - SPECIAL DISTRICTS,BART ADMIN,21,"$2,021.52",,,,,21,"$2,021.52"
,EAST BAY REGIONAL PARK DISTRICT,98,"$7,683.66",2,$108.00,,,100,"$7,791.66"
,RIVERSIDE CNTY TRANSPORTATION COMMI,"15,599","$2,512,383.79",77,"$16,901.38",127,"$11,758.92","15,803","$2,541,044.09"
,SACRAMENTO MUNICIPAL UTILITY DIST.,60,"$14,066.93",,,6,$598.35,66,"$14,665.28"
,YORBA LINDA WATER DISTRICT,25,"$6,195.39",,,1,$33.61,26,"$6,229.00"
7 - SPECIAL DISTRICTS Total,,"16,723","$2,716,228.43",84,"$17,861.50",151,"$13,973.63","16,958","$2,748,063.56"
8 - UNIV/COLLEGE/POST SEC INSTITUTIONS,CYPRESS COLLEGE,115,"$9,076.62",4,$296.00,2,$84.35,121,"$9,456.97"
,SOLANO COMMUNITY COLLEGE,68,"$8,440.47",,,,,68,"$8,440.47"
,PALOMAR COLLEGE,34,"$4,460.77",,,,,34,"$4,460.77"
,SAN FRANCISCO STATE UNIVERSITY,94,"$11,906.65",,,3,$366.95,97,"$12,273.60"
,PASEDENA CITY COLLEGE,38,"$3,104.33",,,1,$65.00,39,"$3,169.33"
,MIRACOSTA COMMUNITY COLLEGE,29,"$2,602.37",,,1,$68.14,30,"$2,670.51"
,SAN JOSE EVERGREEN CCD,23,"$2,198.00",,,,,23,"$2,198.00"
,UC SANTA CRUZ,31,"$3,270.00",,,1,$37.76,32,"$3,307.76"
,RIVERSIDE COMMUNITY COLLEGE DIST,173,"$19,276.44",,,,,173,"$19,276.44"
,UC SAN DIEGO,133,"$92,787.13",,,2,$205.90,135,"$92,993.03"
,UNIVERSITY OF CALIFORNIA-IRVINE,682,"$175,283.89",8,"$5,684.83",6,"$1,301.21",696,"$182,269.93"
,SMCCCD-SKYLINE COLLEGE,19,"$3,073.31",,,,,19,"$3,073.31"
,SMCCCD-CANADA COLLEGE,8,"$1,921.85",,,,,8,"$1,921.85"
,MARIN COMMUNITY COLLEGE,28,"$4,861.12",,,1,$24.00,29,"$4,885.12"
,CERRO COSO COLLEGE,2,$275.00,,,,,2,$275.00
,BAKERSFIELD COLLEGE,38,"$4,282.37",,,,,38,"$4,282.37"
,PORTERVILLE COLLEGE,11,$825.00,,,,,11,$825.00
,SAN JOSE STATE UNIVERSITY,580,"$259,077.74",2,"$1,028.65",9,"$1,116.01",591,"$261,222.40"
,"CSU, LONG BEACH","1,308","$452,898.13",3,"$2,021.00",27,"$3,621.84","1,338","$458,540.97"
,"CSU, LOS ANGELES","2,124","$872,238.96",18,"$15,617.62",20,"$4,128.98","2,162","$891,985.56"
,SAN DIEGO STATE UNIVERSITY,"1,389","$496,351.02",3,"$4,483.00",17,"$2,384.49","1,409","$503,218.51"
,"CAL STATE UNIVERSITY, EAST BAY",952,"$477,532.16",4,"$4,000.00",24,"$4,519.60",980,"$486,051.76"
,"CALIFORNIA STATE UNIVERSITY,FRESNO",373,"$138,307.94",2,"$1,615.67",3,$135.78,378,"$140,059.39"
,CALIFORNIA STATE UNIVERSITY CHICO,506,"$211,793.43",1,"$1,000.00",11,$610.75,518,"$213,404.18"
,"CSU, STANISLAUS",658,"$328,464.74",1,"$1,000.00",6,$539.39,665,"$330,004.13"
,CALIFORNIA STATE UNIVERSITY,797,"$422,862.58",3,$641.03,16,"$2,540.82",816,"$426,044.43"
,HUMBOLDT STATE UNIVERSITY,417,"$170,283.22",,,10,"$1,933.93",427,"$172,217.15"
,CALIFORNIA STATE UNIVERSITY,"1,652","$588,648.92",5,"$2,082.08",34,"$4,127.68","1,691","$594,858.68"
,SAN FRANCISCO STATE UNIVERSITY,969,"$388,778.41",2,"$2,000.00",13,"$3,838.19",984,"$394,616.60"
,SONOMA STATE UNIVERSITY,154,"$74,701.69",,,2,$210.47,156,"$74,912.16"
,CA COMMUNITY COLLEGES,"8,388","$1,925,949.06",44,"$16,605.21",200,"$15,054.77","8,632","$1,957,609.04"
,"UNIVERSITY OF CA, SANTA CRUZ",268,"$116,971.09",,,,,268,"$116,971.09"
,CA STATE UNIVERSITY SAN MARCOS,498,"$261,499.45",1,"$1,000.00",7,"$1,047.73",506,"$263,547.18"
,CSU MONTEREY BAY,202,"$105,372.34",,,5,$365.94,207,"$105,738.28"
,CSU CHANCELLOR'S OFFICE,32,"$71,538.71",,,1,$6.31,33,"$71,545.02"
,CSU CHANCELLOR'S OFFICE,11,"$9,901.32",,,1,$24.85,12,"$9,926.17"
,CSU SAN BERNARDINO,260,"$25,664.34",1,$94.00,2,$55.68,263,"$25,814.02"
,CSU CHANNEL ISLANDS,103,"$38,412.77",,,,,103,"$38,412.77"
,MT SAN ANTONIO COLLEGE,102,"$14,144.88",,,,,102,"$14,144.88"
,CALIF POLYTECHNIC STATE UNIVERSITY,175,"$95,666.74",2,"$2,000.00",3,$301.82,180,"$97,968.56"
,SAN MATEO COMMUNITY COLLEGE DIST,21,"$4,878.04",,,,,21,"$4,878.04"
8 - UNIV/COLLEGE/POST SEC INSTITUTIONS Total,,"23,465","$7,899,583.00",104,"$61,169.09",428,"$48,718.34","23,997","$8,009,470.43"
Z - OTHER,"SUPERIOR COURT CA, VENTURA COUNTY",617,"$198,478.30",8,"$6,035.75",18,"$3,749.52",643,"$208,263.57"
,SUPERIOR COURT OF SAN FRANCISCO,"1,844","$549,501.81",25,"$10,923.75",54,"$7,347.93","1,923","$567,773.49"
,SAN DIEGO SUPERIOR COURT,"4,251","$1,255,279.80",47,"$20,325.07",90,"$16,820.02","4,388","$1,292,424.89"
Z - OTHER Total,,"6,712","$2,003,259.91",80,"$37,284.57",162,"$27,917.47","6,954","$2,068,461.95"
,,"822,680","$345,673,915.94","8,865","$7,198,070.02","24,302","$7,267,478.12","855,847","$360,139,464.08"
,,"3,058,682","$1,090,644,514.54","32,186","$25,533,001.25","105,498","$29,342,756.71","3,196,366","$1,145,520,272.50"
